city,city_eng
Mariehamn,Mariehamn
Durrës,Durrës
Tirana,Tirana
Andorra La Vella,Andorra La Vella
Graz,Graz
Innsbruck,Innsbruck
Klagenfurt,Klagenfurt
Linz,Linz
Salzburg,Salzburg
Wien,Vienna
Baranovichi,Baranovichi
Bobruisk,Bobruisk
Borisov,Borisov
Brest,Brest
Gomel,Gomel
Grodno,Grodno
Lida,Lida
Minsk,Minsk
Mogilev,Mogilev
Mozir,Mozir
Orsha,Orsha
Pinsk,Pinsk
Soligorsk,Soligorsk
Vitebsk,Vitebsk
Anderlecht,Anderlecht
Antwerpen,Antwerp
Brugge,Bruges
Bruxelles,Brussels
Charleroi,Charleroi
Gent,Ghent
Liège,Liège
Namur,Namur
Schaerbeek,Schaerbeek
Burgas,Burgas
Plovdiv,Plovdiv
Ruse,Ruse
Sofia,Sofia
Stara Zagora,Stara Zagora
Varna,Varna
Osijek,Osijek
Rijeka,Rijeka
Split,Split
Zagreb,Zagreb
Brno,Brno
Liberec,Liberec
Olomouc,Olomouc
Ostrava,Ostrava
Plzen,Pilsen
Praha,Prague
Ålborg,Aalborg
Århus,Aarhus
Esbjerg,Esbjerg
Frederiksberg,Frederiksberg
Kobenhavn,Copenhagen
Odense,Odense
Vejle,Vejle
Tallinn,Tallinn
Tórshavn,Tórshavn
Espoo,Espoo
Helsinki,Helsinki
Jyvaskyla,Jyvaskyla
Kuopio,Kuopio
Lahti,Lahti
Oulu,Oulu
Tampere,Tampere
Turku,Turku
Vantaa,Vantaa
Aix-En-Provence,Aix-En-Provence
Amiens,Amiens
Angers,Angers
Argenteuil,Argenteuil
Besançon,Besançon
Bordeaux,Bordeaux
Boulogne-Billancourt,Boulogne-Billancourt
Brest,Brest
Caen,Caen
Clermont-Ferrand,Clermont-Ferrand
Dijon,Dijon
Grenoble,Grenoble
Le Havre,Le Havre
Le Mans,Le Mans
Lille,Lille
Limoges,Limoges
Lyon,Lyon
Marseille,Marseille
Metz,Metz
Montpellier,Montpellier
Montreuil,Montreuil
Mulhouse,Mulhouse
Nancy,Nancy
Nantes,Nantes
Nice,Nice
Nîmes,Nîmes
Orléans,Orléans
Paris,Paris
Perpignan,Perpignan
Reims,Reims
Rennes,Rennes
Rouen,Rouen
Saint-Denis,Saint-Denis
Saint-Étienne,Saint-Étienne
Strasbourg,Strasbourg
Toulon,Toulon
Toulouse,Toulouse
Tours,Tours
Villeurbanne,Villeurbanne
Aachen,Aachen
Augsburg,Augsburg
Bergisch Gladbach,Bergisch Gladbach
Berlin,Berlin
Bielefeld,Bielefeld
Bochum,Bochum
Bonn,Bonn
Bottrop,Bottrop
Braunschweig,Braunschweig
Bremen,Bremen
Bremerhaven,Bremerhaven
Chemnitz,Chemnitz
Cottbus,Cottbus
Darmstadt,Darmstadt
Dortmund,Dortmund
Dresden,Dresden
Duisburg,Duisburg
Düsseldorf,Düsseldorf
Erfurt,Erfurt
Erlangen,Erlangen
Essen,Essen
Frankfurt Am Main,Frankfurt Am Main
Freiburg Im Breisgau,Freiburg Im Breisgau
Fürth,Fürth
Gelsenkirchen,Gelsenkirchen
Göttingen,Göttingen
Gütersloh,Gütersloh
Hagen,Hagen
Halle,Halle
Hamburg,Hamburg
Hamm,Hamm
Hannover,Hanover
Heidelberg,Heidelberg
Heilbronn,Heilbronn
Herne,Herne
Hildesheim,Hildesheim
Ingolstadt,Ingolstadt
Jena,Jena
Karlsruhe,Karlsruhe
Kassel,Kassel
Kiel,Kiel
Koblenz,Koblenz
Köln,Cologne
Krefeld,Krefeld
Leipzig,Leipzig
Leverkusen,Leverkusen
Lübeck,Lübeck
Ludwigshafen Am Rhein,Ludwigshafen Am Rhein
Magdeburg,Magdeburg
Mainz,Mainz
Mannheim,Mannheim
Moers,Moers
Mönchengladbach,Mönchengladbach
Mülheim An Der Ruhr,Mülheim An Der Ruhr
München,Munich
Münster,Münster
Neuss,Neuss
Nürnberg,Nuremberg
Oberhausen,Oberhausen
Offenbach Am Main,Offenbach Am Main
Oldenburg,Oldenburg
Osnabrück,Osnabrück
Paderborn,Paderborn
Pforzheim,Pforzheim
Potsdam,Potsdam
Recklinghausen,Recklinghausen
Regensburg,Regensburg
Remscheid,Remscheid
Reutlingen,Reutlingen
Rostock,Rostock
Saarbrücken,Saarbrücken
Salzgitter,Salzgitter
Siegen,Siegen
Solingen,Solingen
Stuttgart,Stuttgart
Trier,Trier
Ulm,Ulm
Wiesbaden,Wiesbaden
Wolfsburg,Wolfsburg
Wuppertal,Wuppertal
Würzburg,Würzburg
Gibraltar,Gibraltar
Athinai,Athens
Calithèa,Calithèa
Iraclion,Heraklion
Larissa,Larissa
Patrai,Patras
Pésterion,Pésterion
Pireas,Piraeus
Thessaloniki,Thessaloniki
St. Peter Port,St. Peter Port
Vatican City,Vatican City
Budapest,Budapest
Debrecen,Debrecen
Györ,Györ
Kecskemét,Kecskemét
Miskolc,Miskolc
Nyiregyhaza,Nyiregyhaza
Pécs,Pécs
Szeged,Szeged
Reykjavik,Reykjavik
Cork,Cork
Dublin,Dublin
Douglas,Douglas
Bari,Bari
Bergamo,Bergamo
Bologna,Bologna
Bolzano,Bolzano
Brescia,Brescia
Cagliari,Cagliari
Catania,Catania
Ferrara,Ferrara
Firenze,Florence
Foggia,Foggia
Forli,Forli
Genova,Genoa
Giugliano In Campania,Giugliano In Campania
Latina,Latina
Livorno,Livorno
Messina,Messina
Milano,Milan
Modena,Modena
Monza,Monza
Napoli,Naples
Novara,Novara
Padova,Padua
Palermo,Palermo
Parma,Parma
Perugia,Perugia
Pescara,Pescara
Piacenza,Piacenza
Prato,Prato
Ravenna,Ravenna
Reggio Di Calabria,Reggio Di Calabria
Reggio Nell'Emilia,Reggio Nell'Emilia
Rimini,Rimini
Roma,Rome
Salerno,Salerno
Sassari,Sassari
Siracusa,Syracuse
Taranto,Taranto
Terni,Terni
Torino,Turin
Trento,Trento
Trieste,Trieste
Venezia,Venice
Verona,Verona
Vicenza,Vicenza
St. Helier,St. Helier
Riga,Riga
Vaduz,Vaduz
Kaunas,Kaunas
Klaipeda,Klaipeda
Shauliai,Shauliai
Vilnius,Vilnius
Luxembourg-Ville,Luxembourg City
Valletta,Valletta
Monaco,Monaco
Podgorica,Podgorica
Alkmaar,Alkmaar
Almere,Almere
Alphen Aan Den,Alphen Aan Den
Amersfoort,Amersfoort
Amsterdam,Amsterdam
Apeldoorn,Apeldoorn
Arnhem,Arnhem
Breda,Breda
Delft,Delft
Dordrecht,Dordrecht
Ede,Ede
Eindhoven,Eindhoven
Emmen,Emmen
Enschede,Enschede
Groningen,Groningen
Haarlem,Haarlem
Haarlemmermeer,Haarlemmermeer
Leeuwarden,Leeuwarden
Leiden,Leiden
Maastricht,Maastricht
Nijmegen,Nijmegen
Rotterdam,Rotterdam
S-Gravenhage,The Hague
S-Hertogenbosch,Den Bosch
Tilburg,Tilburg
Utrecht,Utrecht
Venlo,Venlo
Westland,Westland
Zaanstad,Zaanstad
Zoetermeer,Zoetermeer
Zwolle,Zwolle
Skopje,Skopje
Oslo,Oslo
Bialystok,Bialystok
Bielsko-Biala,Bielsko-Biala
Bydgoszcz,Bydgoszcz
Bytom,Bytom
Chorzów,Chorzów
Czestochowa,Czestochowa
Dabrowa Górnicza,Dabrowa Górnicza
Elblag,Elblag
Gdansk,Gdansk
Gdynia,Gdynia
Gliwice,Gliwice
Gorzów Wielkopolski,Gorzów Wielkopolski
Katowice,Katowice
Kielce,Kielce
Koszalin,Koszalin
Kraków,Krakow
Lódz,Lodz
Lublin,Lublin
Olsztyn,Olsztyn
Opole,Opole
Plock,Plock
Poznan,Poznan
Radom,Radom
Ruda Slaska,Ruda Slaska
Rybnik,Rybnik
Rzeszów,Rzeszów
Sosnowiec,Sosnowiec
Szczecin,Szczecin
Tarnów,Tarnów
Torun,Torun
Tychy,Tychy
Walbrzych,Walbrzych
Warszawa,Warsaw
Wloclawek,Wloclawek
Wroclaw,Wroclaw
Zabrze,Zabrze
Zielona Góra,Zielona Góra
Amadora,Amadora
Braga,Braga
Coimbra,Coimbra
Funchal,Funchal
Lisboa,Lisbon
Porto,Porto
Vila Nova De Gaia,Vila Nova De Gaia
Chișinău,Chisinau
Bucuresti,Bucharest
Abakan,Abakan
Achinsk,Achinsk
Almetievsk,Almetievsk
Anapa,Anapa
Angarsk,Angarsk
Arkhangelsk,Arkhangelsk
Armavir,Armavir
Artem,Artem
Arzamas,Arzamas
Astrakhan,Astrakhan
Balakovo,Balakovo
Balashikha,Balashikha
Barnaul,Barnaul
Bataisk,Bataisk
Belgorod,Belgorod
Belovo,Belovo
Berezniki,Berezniki
Biisk,Biisk
Blagoveshchensk,Blagoveshchensk
Bor,Bor
Bratsk,Bratsk
Bryansk,Bryansk
Cheboksary,Cheboksary
Chelyabinsk,Chelyabinsk
Cherepovets,Cherepovets
Cherkessk,Cherkessk
Chita,Chita
Derbent,Derbent
Dimitrovgrad,Dimitrovgrad
Domodedovo,Domodedovo
Dzerzhinsk,Dzerzhinsk
Ekaterinburg,Ekaterinburg
Elektrostal,Elektrostal
Elets,Elets
Elista,Elista
Engels,Engels
Esentuky,Esentuky
Groznyi,Groznyi
Hasaviurt,Hasaviurt
Irkutsk,Irkutsk
Ivanovo,Ivanovo
Izhevsk,Izhevsk
Kaliningrad,Kaliningrad
Kaluga,Kaluga
Kamensk-Uralsky,Kamensk-Uralsky
Kamyshin,Kamyshin
Kaspiysk,Kaspiysk
Kazan,Kazan
Kemerovo,Kemerovo
Khabarovsk,Khabarovsk
Khimki,Khimki
Kirov,Kirov
Kiselevsk,Kiselevsk
Kislovodsk,Kislovodsk
Kolomna,Kolomna
Komsomolsk-Na-Amure,Komsomolsk-Na-Amure
Kopeysk,Kopeysk
Korolev,Korolev
Kostroma,Kostroma
Kovrov,Kovrov
Krasnodar,Krasnodar
Krasnogorsk,Krasnogorsk
Krasnoyarsk,Krasnoyarsk
Kurgan,Kurgan
Kursk,Kursk
Kyzyl,Kyzyl
Leninsk-Kuznetsky,Leninsk-Kuznetsky
Lipetsk,Lipetsk
Lyubertsy,Lyubertsy
Magadan,Magadan
Magnitogorsk,Magnitogorsk
Maikop,Maikop
Makhachkala,Makhachkala
Mezhdurechensk,Mezhdurechensk
Miass,Miass
Moskva,Moscow
Murmansk,Murmansk
Murom,Murom
Mytishchi,Mytishchi
Naberezhnye Tchelny,Naberezhnye Tchelny
Nakhodka,Nakhodka
Naltchik,Naltchik
Nazran,Nazran
Neftekamsk,Neftekamsk
Nefteyugansk,Nefteyugansk
Nevinnomyssk,Nevinnomyssk
Nizhnekamsk,Nizhnekamsk
Nizhnevartovsk,Nizhnevartovsk
Nizhny Novgorod,Nizhny Novgorod
Nizhny Tagil,Nizhny Tagil
Noginsk,Noginsk
Norilsk,Norilsk
Novocheboksarsk,Novocheboksarsk
Novocherkassk,Novocherkassk
Novokuybishevsk,Novokuybishevsk
Novokuznetsk,Novokuznetsk
Novomoskovsk,Novomoskovsk
Novorossiysk,Novorossiysk
Novoshakhtinsk,Novoshakhtinsk
Novosibirsk,Novosibirsk
Novotroitsk,Novotroitsk
Novy Urengoy,Novy Urengoy
Noyabrsk,Noyabrsk
Obninsk,Obninsk
Odintsovo,Odintsovo
Oktyabrsky,Oktyabrsky
Omsk,Omsk
Orekhovo-Zuevo,Orekhovo-Zuevo
Orel,Orel
Orenburg,Orenburg
Orsk,Orsk
Penza,Penza
Perm,Perm
Pervouralsk,Pervouralsk
Petropavlovsk-Kamchatsky,Petropavlovsk-Kamchatsky
Petrozavodsk,Petrozavodsk
Podolsk,Podolsk
Prokopyevsk,Prokopyevsk
Pskov,Pskov
Pushkino,Pushkino
Pyatigorsk,Pyatigorsk
Rostov-Na-Donu,Rostov-Na-Donu
Rubtsovsk,Rubtsovsk
Ryazan,Ryazan
Rybinsk,Rybinsk
Salavat,Salavat
Samara,Samara
Saransk,Saransk
Sarapyul,Sarapyul
Saratov,Saratov
Sergiev Posad,Sergiev Posad
Serov,Serov
Serpukhov,Serpukhov
Severodvinsk,Severodvinsk
Seversk,Seversk
Shakhty,Shakhty
Shchelkovo,Shchelkovo
Smolensk,Smolensk
Sochi,Sochi
St. Petersburg,St. Petersburg
Stary Oskol,Stary Oskol
Stavropol,Stavropol
Sterlitamak,Sterlitamak
Surgut,Surgut
Syktivkar,Syktivkar
Syzran,Syzran
Taganrog,Taganrog
Tambov,Tambov
Tobolsk,Tobolsk
Tolyatti,Tolyatti
Tomsk,Tomsk
Tula,Tula
Tver,Tver
Tyumen,Tyumen
Ufa,Ufa
Uhta,Uhta
Ulan-Ude,Ulan-Ude
Ulyanovsk,Ulyanovsk
Ussuriisk,Ussuriisk
Velikiy Novgorod,Velikiy Novgorod
Vladikavkaz,Vladikavkaz
Vladimir,Vladimir
Vladivostok,Vladivostok
Volgodonsk,Volgodonsk
Volgograd,Volgograd
Vologda,Vologda
Volzhsky,Volzhsky
Voronezh,Voronezh
Yakutsk,Yakutsk
Yaroslavl,Yaroslavl
Yoshkar-Ola,Yoshkar-Ola
Yuzhno-Sakhalinsk,Yuzhno-Sakhalinsk
Zheleznodorozhny,Zheleznodorozhny
Zhukovsky,Zhukovsky
Zlatoust,Zlatoust
San Marino,San Marino
Beograd,Belgrade
Čačak,Čačak
Kragujevac,Kragujevac
Kraljevo,Kraljevo
Kruševac,Kruševac
Leskovac,Leskovac
Niš,Nis
Novi Pazar,Novi Pazar
Novi Sad,Novi Sad
Pancevo,Pancevo
Šabac,Šabac
Smederevo,Smederevo
Subotica,Subotica
Zrenjanin,Zrenjanin
Bratislava,Bratislava
Kosice,Kosice
Ljubljana,Ljubljana
Maribor,Maribor
A Coruña,A Coruña
Albacete,Albacete
Alcalá De Henares,Alcalá De Henares
Alcobendas,Alcobendas
Alcorcón,Alcorcón
Algeciras,Algeciras
Alicante/Alacant,Alicante/Alacant
Almería,Almería
Badajoz,Badajoz
Badalona,Badalona
Barakaldo,Barakaldo
Barcelona,Barcelona
Bilbao,Bilbao
Burgos,Burgos
Cádiz,Cádiz
Cartagena,Cartagena
Castelló De La Plana,Castelló De La Plana
Córdoba,Cordoba
Donostia/San Sebastián,Donostia/San Sebastián
Dos Hermanas,Dos Hermanas
Elche/Elx,Elche/Elx
Fuenlabrada,Fuenlabrada
Getafe,Getafe
Gijón,Gijón
Girona,Girona
Granada,Granada
Huelva,Huelva
Jaén,Jaén
Jerez De La Frontera,Jerez De La Frontera
Las Palmas De Gran Canaria,Las Palmas De Gran Canaria
Leganés,Leganés
León,León
L'Hospitalet De Llobregat,L'Hospitalet De Llobregat
Lleida,Lleida
Logroño,Logroño
Madrid,Madrid
Málaga,Málaga
Marbella,Marbella
Mataró,Mataró
Móstoles,Móstoles
Murcia,Murcia
Ourense,Ourense
Oviedo,Oviedo
Palma,Palma
Pamplona/Iruña,Pamplona/Iruña
Parla,Parla
Reus,Reus
Sabadell,Sabadell
Salamanca,Salamanca
San Cristóbal De La Laguna,San Cristóbal De La Laguna
Santa Coloma De Gramenet,Santa Coloma De Gramenet
Santa Cruz De Tenerife,Santa Cruz De Tenerife
Santander,Santander
Sevilla,Seville
Tarragona,Tarragona
Telde,Telde
Terrassa,Terrassa
Torrejón De Ardoz,Torrejón De Ardoz
València,Valencia
Valladolid,Valladolid
Vigo,Vigo
Vitoria-Gasteiz,Vitoria-Gasteiz
Zaragoza,Zaragoza
Göteborg,Gothenburg
Helsingborg,Helsingborg
Jönköping,Jönköping
Linköping,Linköping
Malmö,Malmo
Norrköping,Norrköping
Orebro,Orebro
Stockholm,Stockholm
Umeå,Umeå
Uppsala,Uppsala
Västerås,Västerås
Baden-Brugg,Baden-Brugg
Bâle,Basel
Berne,Bern
Biel/Bienne,Biel/Bienne
Fribourg,Fribourg
Genève,Geneva
Lausanne,Lausanne
Lugano,Lugano
Luzern,Lucerne
Olten-Zofingen,Olten-Zofingen
St. Gallen,St. Gallen
Winterthur,Winterthur
Zug,Zug
Zürich,Zurich
Alchevsk,Alchevsk
Berdyansk,Berdyansk
Bila Tserkva,Bila Tserkva
Brovary,Brovary
Cherkasy,Cherkasy
Chernihiv,Chernihiv
Chernivtsi,Chernivtsi
Dnipro,Dnipro
Donets'K,Donetsk
Gorlivka,Horlivka
Ivano-Frankivsk,Ivano-Frankivsk
Kamenets Podolsky,Kamenets Podolsky
Kamyanske,Kamyanske
Kharkiv,Kharkiv
Kherson,Kherson
Khmelnitsky,Khmelnitsky
Kramatorsk,Kramatorsk
Krementchug,Kremenchuk
Krivoy Rog,Kryvyi Rih
Kropyvnytskyi,Kropyvnytskyi
Kyiv,Kyiv
Lugansk,Luhansk
Luts'K,Luts'K
Lviv,Lviv
Makijivka,Makijivka
Mariupol,Mariupol
Melitopol,Melitopol
Nikolaev,Mykolaiv
Nikopol,Nikopol
Odessa,Odessa
Pavlograd,Pavlograd
Poltava,Poltava
Rivne,Rivne
Slovyansk,Slovyansk
Sumy,Sumy
Ternopil,Ternopil
Uzhhorod,Uzhhorod
Vinnitsa,Vinnytsia
Zaporozhye,Zaporizhzhia
Zhytomyr,Zhytomyr
Aberdeen,Aberdeen
Belfast,Belfast
Birmingham,Birmingham
Bolton,Bolton
Bournemouth,Bournemouth
Bradford,Bradford
Brighton And Hove,Brighton And Hove
Bristol,Bristol
Cardiff,Cardiff
Coventry,Coventry
Derby,Derby
Edinburgh,Edinburgh
Glasgow,Glasgow
Kingston-Upon-Hull,Kingston-Upon-Hull
Leeds,Leeds
Leicester,Leicester
Liverpool,Liverpool
London,London
Luton,Luton
Manchester,Manchester
Newcastle-Upon-Tyne,Newcastle-Upon-Tyne
Northampton,Northampton
Nottingham,Nottingham
Plymouth,Plymouth
Portsmouth,Portsmouth
Reading,Reading
Sheffield,Sheffield
Southampton,Southampton
Stoke-On-Trent,Stoke-On-Trent
Wolverhampton,Wolverhampton