cityid,cov_ratio,l_ratio,gcc1,gcc2,gcc3
aachen_de,0.62,0.23,0.13,0.11,0.07
aix-en-provence_fr,0.22,0.07,0.14,0.06,0.05
alcala-de-henares_es,0.33,0.08,0.21,0.08,0.07
alchevsk_ua,0.01,0.00,1.00,0.08,0.07
alcobendas_es,0.71,0.16,0.31,0.04,0.03
alcorcon_es,0.54,0.15,0.27,0.18,0.13
alkmaar_nl,0.51,0.26,0.31,0.25,0.05
almere_nl,0.94,0.42,0.88,0.01,0.01
almeria_es,0.31,0.13,0.60,0.12,0.02
alphen-aan-den_nl,0.84,0.56,0.70,0.03,0.01
amadora_pt,0.26,0.02,0.26,0.09,0.08
amersfoort_nl,0.88,0.28,0.28,0.23,0.10
amiens_fr,0.66,0.17,0.06,0.06,0.05
amsterdam_nl,1.11,0.48,0.67,0.12,0.09
anderlecht_be,0.80,0.19,0.31,0.22,0.11
andorra-la-vella_ad,0.34,0.09,0.81,0.13,0.04
angers_fr,0.84,0.14,0.07,0.07,0.03
antwerp_be,0.89,0.44,0.81,0.05,0.02
apeldoorn_nl,0.77,0.40,0.40,0.19,0.07
argenteuil_fr,0.38,0.04,0.16,0.10,0.08
arnhem_nl,0.93,0.42,0.48,0.27,0.02
athens_gr,0.29,0.01,0.25,0.16,0.12
augsburg_de,0.84,0.40,0.31,0.20,0.05
badalona_es,0.67,0.12,0.11,0.10,0.07
banja-luka_ba,0.21,0.07,0.31,0.18,0.09
baranovichi_by,0.18,0.04,0.18,0.13,0.10
barcelona_es,0.76,0.28,0.66,0.02,0.01
bari_it,0.29,0.05,0.12,0.08,0.08
basel_ch,0.87,0.15,0.10,0.06,0.05
belfast_gb,0.44,0.08,0.17,0.05,0.04
belgrade_rs,0.23,0.05,0.62,0.02,0.02
berdyansk_ua,0.00,0.00,0.00,0.00,0.00
bergamo_it,0.32,0.10,0.04,0.03,0.02
bergisch-gladbach_de,0.57,0.18,0.18,0.14,0.09
berlin_de,0.74,0.27,0.21,0.07,0.05
bern_ch,0.62,0.20,0.17,0.06,0.04
besancon_fr,0.73,0.21,0.14,0.06,0.06
bialystok_pl,0.83,0.37,0.69,0.03,0.01
bielefeld_de,0.53,0.18,0.08,0.06,0.05
bielsko-biala_pl,0.56,0.17,0.05,0.05,0.05
bila-tserkva_ua,0.22,0.05,0.16,0.12,0.09
birmingham_gb,0.48,0.10,0.21,0.07,0.05
bobruisk_by,0.04,0.01,0.65,0.28,0.07
bochum_de,0.77,0.20,0.07,0.05,0.03
bologna_it,0.56,0.20,0.35,0.08,0.04
bonn_de,0.84,0.25,0.12,0.06,0.05
bordeaux_fr,0.80,0.17,0.09,0.07,0.06
borisov_by,0.08,0.02,0.17,0.14,0.13
bottrop_de,0.65,0.25,0.19,0.08,0.06
boulogne-billancourt_fr,0.71,0.10,0.15,0.13,0.13
bournemouth_gb,0.58,0.09,0.11,0.08,0.06
bratislava_sk,0.53,0.17,0.35,0.06,0.02
braunschweig_de,0.83,0.46,0.64,0.03,0.02
breda_nl,0.72,0.30,0.72,0.03,0.03
bremen_de,0.79,0.43,0.70,0.04,0.03
bremerhaven_de,0.76,0.33,0.65,0.06,0.05
brescia_it,0.67,0.18,0.14,0.10,0.06
brest_by,0.29,0.11,0.22,0.04,0.04
brighton-and-hove_gb,0.49,0.07,0.15,0.12,0.06
bristol_gb,0.62,0.10,0.08,0.07,0.07
brno_cz,0.50,0.12,0.06,0.04,0.03
brovary_ua,0.21,0.07,0.41,0.19,0.16
bruges_be,0.63,0.39,0.68,0.07,0.03
brussels_be,0.98,0.36,0.47,0.15,0.05
bucharest_ro,0.47,0.05,0.09,0.04,0.03
budapest_hu,0.47,0.12,0.09,0.09,0.04
bydgoszcz_pl,0.57,0.26,0.27,0.15,0.10
bytom_pl,0.36,0.10,0.07,0.06,0.05
caen_fr,0.88,0.19,0.45,0.04,0.03
cagliari_it,0.43,0.09,0.16,0.13,0.12
castello-de-la-plana_es,0.50,0.14,0.57,0.08,0.05
charleroi_be,0.45,0.09,0.13,0.09,0.08
chemnitz_de,0.38,0.10,0.16,0.08,0.08
cherkasy_ua,0.06,0.01,0.91,0.08,0.00
chernihiv_ua,0.24,0.10,0.33,0.08,0.07
chernivtsi_ua,0.03,0.00,0.33,0.27,0.16
chisinau_md,0.23,0.06,0.11,0.08,0.07
chorzow_pl,0.85,0.28,0.31,0.08,0.06
clermont-ferrand_fr,0.56,0.10,0.24,0.10,0.08
cologne_de,0.85,0.32,0.29,0.16,0.05
copenhagen_dk,0.98,0.46,0.89,0.01,0.00
cork_ie,0.27,0.07,0.12,0.07,0.04
cottbus_de,0.67,0.38,0.58,0.08,0.03
coventry_gb,0.54,0.11,0.10,0.09,0.09
czestochowa_pl,0.44,0.24,0.67,0.04,0.03
dabrowa-gornicza_pl,0.35,0.22,0.40,0.06,0.05
darmstadt_de,0.70,0.25,0.13,0.13,0.05
debrecen_hu,0.32,0.14,0.44,0.10,0.04
delft_nl,1.09,0.50,0.69,0.10,0.02
derby_gb,0.68,0.16,0.32,0.10,0.06
dijon_fr,0.57,0.10,0.16,0.13,0.06
dnipro_ua,0.08,0.01,0.13,0.10,0.08
donetsk_ua,0.05,0.01,0.20,0.17,0.17
dordrecht_nl,0.89,0.45,0.46,0.11,0.06
dortmund_de,0.69,0.22,0.12,0.04,0.02
dresden_de,0.50,0.16,0.12,0.05,0.05
dublin_ie,0.46,0.08,0.20,0.06,0.04
duisburg_de,0.78,0.31,0.42,0.05,0.04
durres_al,0.30,0.02,0.23,0.08,0.04
dusseldorf_de,0.82,0.34,0.26,0.10,0.05
ede_nl,1.14,0.58,0.71,0.02,0.02
eindhoven_nl,0.92,0.33,0.87,0.01,0.01
elblag_pl,0.43,0.27,0.82,0.03,0.03
emmen_nl,0.83,0.41,0.30,0.29,0.05
enschede_nl,0.67,0.29,0.29,0.15,0.09
erfurt_de,0.46,0.21,0.12,0.04,0.03
erlangen_de,0.68,0.31,0.28,0.13,0.09
espoo_fi,0.67,0.78,0.95,0.00,0.00
essen_de,0.71,0.19,0.05,0.04,0.04
florence_it,0.43,0.11,0.41,0.06,0.06
frankfurt-am-main_de,0.76,0.24,0.08,0.06,0.04
frederiksberg_dk,0.94,0.40,0.91,0.02,0.02
freiburg-im-breisgau_de,0.62,0.33,0.51,0.06,0.05
funchal_pt,0.25,0.03,0.24,0.11,0.09
furth_de,0.58,0.19,0.08,0.08,0.07
gdansk_pl,0.56,0.24,0.42,0.05,0.04
gdynia_pl,0.53,0.18,0.20,0.12,0.11
gelsenkirchen_de,0.88,0.39,0.27,0.15,0.04
geneva_ch,0.97,0.22,0.10,0.06,0.06
ghent_be,0.74,0.31,0.34,0.07,0.06
glasgow_gb,0.50,0.09,0.19,0.07,0.05
gliwice_pl,0.58,0.21,0.12,0.11,0.10
gomel_by,0.12,0.03,0.37,0.06,0.06
gorzow-wielkopolski_pl,0.60,0.38,0.32,0.08,0.06
gothenburg_se,0.65,0.37,0.72,0.03,0.02
graz_at,0.62,0.17,0.16,0.11,0.08
grenoble_fr,0.96,0.25,0.50,0.08,0.05
grodno_by,0.23,0.06,0.11,0.08,0.07
groningen_nl,0.89,0.36,0.66,0.16,0.01
gyor_hu,0.41,0.18,0.44,0.23,0.11
gottingen_de,0.70,0.38,0.65,0.02,0.02
gutersloh_de,0.60,0.46,0.84,0.01,0.01
haarlem_nl,0.96,0.32,0.83,0.03,0.02
haarlemmermeer_nl,0.73,0.32,0.79,0.04,0.02
hagen_de,0.45,0.15,0.15,0.06,0.05
halle_de,0.57,0.21,0.11,0.10,0.09
hamburg_de,0.63,0.24,0.05,0.04,0.04
hamm_de,0.52,0.37,0.52,0.03,0.03
hanover_de,0.88,0.47,0.84,0.01,0.01
heidelberg_de,0.49,0.24,0.44,0.09,0.06
heilbronn_de,0.53,0.20,0.40,0.04,0.03
helsinki_fi,0.95,0.83,0.91,0.01,0.00
herne_de,0.84,0.29,0.12,0.08,0.05
hildesheim_de,0.74,0.30,0.45,0.08,0.06
horlivka_ua,0.00,0.00,0.00,0.00,0.00
ingolstadt_de,2.30,1.60,0.47,0.07,0.04
innsbruck_at,0.49,0.15,0.27,0.16,0.12
ivano-frankivsk_ua,0.38,0.13,0.31,0.13,0.06
jena_de,0.46,0.15,0.06,0.05,0.05
jyvaskyla_fi,0.16,0.22,0.86,0.03,0.02
kallithea_gr,0.54,0.04,0.56,0.17,0.12
kamenets-podolsky_ua,0.05,0.00,0.49,0.30,0.18
kamyanske_ua,0.02,0.00,0.97,0.03,0.18
karlsruhe_de,0.70,0.27,0.19,0.12,0.09
kassel_de,0.61,0.14,0.13,0.11,0.04
katowice_pl,0.58,0.17,0.11,0.08,0.06
kaunas_lt,0.58,0.22,0.26,0.08,0.04
kecskemet_hu,0.33,0.18,0.46,0.13,0.06
kharkiv_ua,0.09,0.02,0.65,0.07,0.03
kherson_ua,0.03,0.01,0.97,0.02,0.01
khmelnitsky_ua,0.14,0.03,0.31,0.07,0.07
kiel_de,0.76,0.32,0.48,0.06,0.05
kielce_pl,0.52,0.24,0.30,0.12,0.08
kingston-upon-hull_gb,0.64,0.12,0.27,0.15,0.09
klagenfurt_at,0.46,0.16,0.34,0.10,0.08
klaipeda_lt,0.80,0.39,0.28,0.26,0.11
koblenz_de,0.54,0.16,0.06,0.03,0.03
kosice_sk,0.30,0.10,0.10,0.08,0.07
koszalin_pl,0.57,0.27,0.87,0.01,0.01
kragujevac_rs,0.46,0.07,0.04,0.03,0.02
krakow_pl,0.52,0.23,0.17,0.10,0.04
kramatorsk_ua,0.05,0.00,0.34,0.15,0.11
krefeld_de,0.74,0.38,0.40,0.25,0.02
kremenchuk_ua,0.01,0.00,1.00,0.25,0.02
kropyvnytskyi_ua,0.04,0.01,0.71,0.20,0.04
kryvyi-rih_ua,0.03,0.00,0.21,0.12,0.12
kuopio_fi,0.15,0.20,0.71,0.07,0.01
kyiv_ua,0.29,0.07,0.05,0.04,0.03
l-hospitalet-de-llobregat_es,0.85,0.33,0.23,0.10,0.08
lahti_fi,0.34,0.43,0.83,0.10,0.01
lausanne_ch,0.41,0.10,0.05,0.05,0.05
le-havre_fr,0.69,0.14,0.10,0.09,0.09
le-mans_fr,0.55,0.10,0.07,0.07,0.06
leeuwarden_nl,0.80,0.39,0.67,0.05,0.01
leicester_gb,0.70,0.16,0.16,0.12,0.11
leiden_nl,0.96,0.37,0.67,0.07,0.05
leipzig_de,0.72,0.24,0.10,0.09,0.04
leverkusen_de,0.81,0.30,0.42,0.05,0.04
leon_es,0.57,0.17,0.43,0.07,0.05
liberec_cz,0.22,0.05,0.17,0.12,0.12
lida_by,0.01,0.00,1.00,0.12,0.12
lille_fr,0.78,0.15,0.15,0.07,0.07
limoges_fr,0.36,0.06,0.12,0.11,0.09
linz_at,0.62,0.23,0.41,0.13,0.07
lisbon_pt,0.76,0.11,0.22,0.12,0.07
liverpool_gb,0.44,0.05,0.19,0.07,0.05
livorno_it,0.23,0.05,0.39,0.09,0.08
liege_be,0.63,0.18,0.33,0.06,0.04
ljubljana_si,0.38,0.21,0.50,0.13,0.07
lodz_pl,0.45,0.20,0.60,0.05,0.03
london_gb,0.56,0.09,0.06,0.03,0.03
lublin_pl,0.60,0.23,0.53,0.09,0.03
ludwigshafen-am-rhein_de,0.79,0.28,0.24,0.09,0.05
luhansk_ua,0.00,0.00,1.00,0.09,0.05
luton_gb,0.52,0.08,0.13,0.10,0.10
luts-k_ua,0.15,0.03,0.12,0.12,0.08
luxembourg_lu,0.70,0.24,0.29,0.14,0.12
lviv_ua,0.42,0.08,0.07,0.05,0.04
lyon_fr,0.89,0.22,0.33,0.10,0.08
lubeck_de,0.72,0.41,0.64,0.05,0.02
maastricht_nl,0.85,0.30,0.46,0.09,0.03
madrid_es,0.60,0.09,0.09,0.09,0.06
magdeburg_de,0.70,0.30,0.44,0.08,0.03
mainz_de,0.75,0.32,0.09,0.05,0.05
makijivka_ua,0.03,0.00,0.18,0.18,0.13
malmo_se,0.92,0.53,0.93,0.01,0.01
manchester_gb,0.65,0.11,0.08,0.07,0.06
mannheim_de,0.75,0.31,0.43,0.03,0.02
marbella_es,0.21,0.03,0.11,0.08,0.08
mariupol_ua,0.04,0.01,0.26,0.19,0.17
marseille_fr,0.44,0.08,0.09,0.06,0.05
melitopol_ua,0.21,0.06,0.31,0.25,0.09
messina_it,0.04,0.01,0.83,0.07,0.05
metz_fr,0.75,0.20,0.07,0.07,0.04
milan_it,0.68,0.12,0.05,0.05,0.04
minsk_by,0.33,0.09,0.08,0.04,0.02
miskolc_hu,0.17,0.04,0.19,0.15,0.08
moers_de,0.70,0.32,0.71,0.03,0.02
mogilev_by,0.14,0.04,0.16,0.14,0.08
montpellier_fr,0.75,0.20,0.09,0.08,0.07
montreuil_fr,0.78,0.23,0.18,0.17,0.07
monza_it,0.80,0.18,0.31,0.13,0.07
mozir_by,0.20,0.03,0.26,0.09,0.06
mulhouse_fr,0.74,0.18,0.12,0.11,0.09
munich_de,0.88,0.45,0.82,0.01,0.01
mykolaiv_ua,0.04,0.01,0.12,0.11,0.11
monchengladbach_de,0.67,0.28,0.22,0.12,0.10
mulheim-an-der-ruhr_de,0.67,0.25,0.37,0.06,0.03
munster_de,0.63,0.40,0.76,0.01,0.01
namur_be,0.29,0.11,0.26,0.08,0.06
nancy_fr,0.82,0.19,0.17,0.12,0.09
nantes_fr,0.86,0.20,0.09,0.04,0.04
naples_it,0.16,0.02,0.15,0.10,0.10
neuss_de,0.81,0.43,0.28,0.12,0.12
newcastle-upon-tyne_gb,0.53,0.12,0.28,0.17,0.08
nice_fr,0.34,0.07,0.70,0.06,0.03
nijmegen_nl,1.01,0.37,0.69,0.09,0.04
nikopol_ua,0.07,0.01,0.26,0.23,0.13
nis_rs,0.29,0.04,0.33,0.19,0.15
northampton_gb,0.78,0.22,0.19,0.15,0.05
nottingham_gb,0.72,0.16,0.48,0.09,0.05
novi-sad_rs,0.54,0.23,0.78,0.06,0.04
nuremberg_de,0.76,0.27,0.30,0.15,0.09
nyiregyhaza_hu,0.26,0.15,0.37,0.15,0.05
nimes_fr,0.21,0.05,0.18,0.12,0.06
oberhausen_de,0.84,0.28,0.14,0.11,0.11
odense_dk,0.47,0.29,0.68,0.04,0.04
odessa_ua,0.16,0.03,0.23,0.17,0.09
offenbach-am-main_de,0.74,0.22,0.08,0.08,0.06
oldenburg_de,0.78,0.41,0.55,0.02,0.01
olomouc_cz,0.52,0.17,0.21,0.07,0.07
olsztyn_pl,0.67,0.32,0.24,0.23,0.06
opole_pl,0.46,0.22,0.35,0.09,0.06
orleans_fr,1.06,0.24,0.17,0.09,0.04
orsha_by,0.00,0.00,0.00,0.00,0.00
osijek_hr,0.65,0.22,0.43,0.09,0.07
oslo_no,0.45,0.21,0.07,0.05,0.04
osnabruck_de,0.66,0.26,0.11,0.07,0.03
ostrava_cz,0.52,0.16,0.08,0.08,0.05
oulu_fi,0.28,0.40,0.72,0.06,0.04
paderborn_de,0.60,0.36,0.09,0.07,0.06
padua_it,0.69,0.16,0.06,0.05,0.04
pamplona-iruna_es,0.82,0.26,0.61,0.06,0.06
paris_fr,1.02,0.28,0.67,0.06,0.01
parla_es,0.51,0.08,0.61,0.15,0.08
pavlograd_ua,0.03,0.00,0.41,0.26,0.19
peristeri_gr,0.38,0.01,0.30,0.14,0.12
perpignan_fr,0.53,0.09,0.10,0.07,0.07
pescara_it,0.56,0.11,0.40,0.10,0.05
pforzheim_de,0.41,0.11,0.08,0.07,0.07
pilsen_cz,0.67,0.29,0.25,0.18,0.05
pinsk_by,0.23,0.05,0.20,0.11,0.10
piraeus_gr,0.26,0.00,0.24,0.17,0.09
plock_pl,0.55,0.30,0.40,0.26,0.04
plovdiv_bg,0.40,0.10,0.40,0.27,0.18
plymouth_gb,0.60,0.12,0.23,0.09,0.05
podgorica_me,0.12,0.03,0.64,0.20,0.05
poltava_ua,0.05,0.01,0.21,0.19,0.11
porto_pt,0.88,0.16,0.05,0.04,0.03
portsmouth_gb,0.65,0.11,0.26,0.23,0.05
potsdam_de,0.67,0.29,0.15,0.06,0.04
poznan_pl,0.64,0.31,0.43,0.03,0.02
prague_cz,0.65,0.16,0.03,0.02,0.02
prato_it,0.56,0.15,0.19,0.11,0.09
pristina_rs,0.33,0.04,0.24,0.16,0.07
pecs_hu,0.20,0.04,0.32,0.10,0.07
radom_pl,0.50,0.25,0.36,0.24,0.06
reading_gb,0.52,0.11,0.28,0.13,0.11
recklinghausen_de,0.80,0.30,0.27,0.15,0.13
regensburg_de,0.85,0.45,0.55,0.04,0.03
reims_fr,0.64,0.12,0.23,0.11,0.06
remscheid_de,0.40,0.10,0.16,0.11,0.10
rennes_fr,0.87,0.31,0.11,0.08,0.06
reutlingen_de,0.60,0.16,0.13,0.09,0.08
reykjavik_is,0.84,0.45,0.19,0.15,0.10
riga_lv,0.64,0.44,0.09,0.08,0.05
rijeka_hr,0.02,0.00,0.90,0.10,0.05
rivne_ua,0.12,0.03,0.30,0.21,0.20
rome_it,0.17,0.04,0.04,0.04,0.03
rostock_de,0.75,0.35,0.35,0.08,0.08
rotterdam_nl,0.93,0.33,0.89,0.01,0.01
rouen_fr,0.65,0.13,0.15,0.11,0.06
ruda-slaska_pl,0.50,0.15,0.22,0.12,0.10
ruse_bg,0.16,0.04,0.41,0.23,0.07
rybnik_pl,0.58,0.25,0.13,0.05,0.05
rzeszow_pl,0.47,0.23,0.64,0.04,0.04
s-hertogenbosch_nl,0.80,0.33,0.69,0.04,0.03
saarbrucken_de,0.47,0.10,0.04,0.03,0.03
saint-denis_fr,0.85,0.22,0.16,0.15,0.09
saint-etienne_fr,0.40,0.07,0.17,0.08,0.06
salamanca_es,0.64,0.24,0.68,0.07,0.05
salzburg_at,0.75,0.27,0.07,0.06,0.05
salzgitter_de,0.50,0.29,0.46,0.11,0.11
santa-coloma-de-gramenet_es,0.88,0.33,0.32,0.09,0.08
sarajevo_ba,0.20,0.03,0.26,0.09,0.08
schaerbeek_be,0.84,0.12,0.18,0.12,0.07
seville_es,0.69,0.20,0.81,0.03,0.02
sheffield_gb,0.30,0.06,0.13,0.09,0.05
siegen_de,0.33,0.07,0.08,0.07,0.06
skopje_mk,0.61,0.12,0.12,0.07,0.06
slovyansk_ua,0.07,0.01,0.23,0.21,0.16
sofia_bg,0.19,0.03,0.10,0.07,0.07
soligorsk_by,0.27,0.07,0.40,0.37,0.12
solingen_de,0.52,0.13,0.12,0.04,0.04
sosnowiec_pl,0.39,0.15,0.51,0.07,0.05
southampton_gb,0.69,0.11,0.10,0.09,0.08
split_hr,0.20,0.02,0.18,0.16,0.13
stockholm_se,0.97,0.52,0.73,0.04,0.01
stoke-on-trent_gb,0.54,0.12,0.22,0.21,0.07
strasbourg_fr,0.80,0.38,0.71,0.03,0.02
stuttgart_de,0.63,0.13,0.12,0.03,0.02
sumy_ua,0.10,0.02,0.24,0.16,0.10
szczecin_pl,0.59,0.29,0.29,0.06,0.05
szeged_hu,0.41,0.17,0.44,0.09,0.06
tallinn_ee,0.80,0.44,0.16,0.14,0.07
tampere_fi,0.35,0.50,0.92,0.01,0.00
tarnow_pl,0.53,0.25,0.49,0.07,0.04
ternopil_ua,0.12,0.03,0.35,0.19,0.16
the-hague_nl,1.32,0.50,0.73,0.14,0.01
thessaloniki_gr,0.51,0.04,0.49,0.06,0.04
tilburg_nl,0.82,0.31,0.47,0.15,0.06
tirana_al,0.57,0.20,0.16,0.09,0.05
torrejon-de-ardoz_es,0.52,0.13,0.63,0.06,0.06
torun_pl,0.78,0.40,0.68,0.01,0.01
toulon_fr,0.33,0.06,0.24,0.18,0.07
toulouse_fr,0.89,0.27,0.14,0.06,0.06
tours_fr,0.81,0.17,0.13,0.12,0.05
trier_de,0.55,0.26,0.21,0.08,0.07
turin_it,0.62,0.14,0.52,0.19,0.03
turku_fi,0.56,0.49,0.81,0.03,0.02
tychy_pl,0.54,0.25,0.71,0.14,0.05
ulm_de,0.72,0.35,0.14,0.07,0.05
umea_se,0.70,0.60,0.92,0.01,0.00
utrecht_nl,0.91,0.33,0.77,0.02,0.02
uzhhorod_ua,0.15,0.03,0.31,0.17,0.14
valencia_es,0.72,0.26,0.88,0.01,0.01
valladolid_es,0.64,0.20,0.32,0.30,0.04
vantaa_fi,0.75,0.73,0.96,0.00,0.00
varna_bg,0.23,0.04,0.12,0.10,0.08
venice_it,0.79,0.26,0.11,0.07,0.05
venlo_nl,0.69,0.24,0.46,0.11,0.05
vienna_at,0.71,0.24,0.46,0.04,0.04
vigo_es,0.39,0.04,0.12,0.12,0.07
villeurbanne_fr,0.90,0.20,0.17,0.16,0.13
vilnius_lt,0.36,0.15,0.13,0.07,0.06
vinnytsia_ua,0.41,0.12,0.09,0.05,0.03
vitebsk_by,0.03,0.01,0.57,0.08,0.07
walbrzych_pl,0.39,0.15,0.35,0.18,0.13
warsaw_pl,0.73,0.30,0.51,0.02,0.01
westland_nl,0.80,0.31,0.48,0.08,0.04
wiesbaden_de,0.34,0.08,0.11,0.05,0.03
winterthur_ch,0.50,0.21,0.05,0.04,0.04
wloclawek_pl,0.66,0.32,0.55,0.06,0.06
wolfsburg_de,0.70,0.32,0.66,0.05,0.02
wolverhampton_gb,0.47,0.10,0.56,0.06,0.04
wroclaw_pl,0.72,0.39,0.60,0.02,0.02
wuppertal_de,0.54,0.11,0.12,0.05,0.04
wurzburg_de,0.61,0.22,0.11,0.07,0.04
zaanstad_nl,0.79,0.33,0.60,0.02,0.01
zabrze_pl,0.49,0.17,0.17,0.13,0.07
zagreb_hr,0.41,0.13,0.13,0.05,0.04
zaporizhzhia_ua,0.10,0.02,0.09,0.06,0.06
zhytomyr_ua,0.73,0.23,0.03,0.02,0.02
zielona-gora_pl,0.39,0.19,0.54,0.05,0.04
zoetermeer_nl,1.11,0.62,0.76,0.03,0.01
zurich_ch,0.80,0.16,0.03,0.03,0.03
zwolle_nl,0.75,0.34,0.41,0.11,0.04
siauliai_lt,0.61,0.28,0.35,0.12,0.09
